{
    "Level 0": {
        "weights": [
            [
                -0.2708376461186411,
                0.21767931631378415
            ]
        ],
        "biases": [
            -0.037261593284791145,
            0.35439121867450835
        ]
    },
    "Level 1": {
        "weights": [
            [
                0.2339702428750047
            ],
            [
                0.16185287808781837
            ]
        ],
        "biases": [
            0.19024194112359355
        ]
    }
}