{
    "Level 0": {
        "weights": [
            [
                -0.3559420141885426,
                0.48970200436017824
            ]
        ],
        "biases": [
            0.1624912204915371,
            0.1818498534535142
        ]
    },
    "Level 1": {
        "weights": [
            [
                0.5415648366837909
            ],
            [
                -0.615849540256967
            ]
        ],
        "biases": [
            -0.2460324565208085
        ]
    }
}