{
    "Level 0": {
        "weights": [
            [
                -0.6598761195186159,
                0.5404296625629366
            ]
        ],
        "biases": [
            -0.24989251182571756,
            0.871705646600825
        ]
    },
    "Level 1": {
        "weights": [
            [
                0.6700144774768948
            ],
            [
                -0.6885303856786595
            ]
        ],
        "biases": [
            0.4287923370180342
        ]
    }
}